"id","year","state_name","state_code","type_residence","total_hh","male_weavers","male_allied_weavers","female_weavers","female_allied_weavers","transg_weaver","transg_allied_weaver","hh_antodaya_card","hh_no_anotadaya_card","kacha_house","semi_pucca_house","pucca_house","own_residency","rent_residency","other_residency","income_less_5000","income_btw_5001_and_10000","income_btw_10001_15000","income_btw_15001_20000","income_btw_20001_25000","income_btw_25001_50000","income_btw_50000_100000","income_above_100000","income_less_5000_hl_related","income_btw_5001_10000_hl_related","income_btw_10001_15000_hl_related","income_btw_15001_20000_hl_related","income_btw_20001_25000_hl_related","income_btw_25001_50000_hl_related","income_btw_50001_100000_hl_related","income_above_100000_hl_related","debt_due_to_hl","debt_due_to_other_purposes","debt_due_to_hl_and_other_purposes","loan_from_cooperative_societies","loan_from_commercial_banks","loan_from_friends_or_relatives","loan_from_govt","loan_from_master_weaver","loan_from_money_lender","loan_from_other_sources","loan_from_shg","avg_hh_size","yarn_cotton_1_20","yarn_cotton_21_40","yarn_cotton_41_80","yarn_cotton_above_80","yarn_viscose_blends","yarn_muga_silk","yarn_eric_silk","yarn_mulberry_silk","yarn_tussar_silk","yarn_linen","yarn_wool","yarn_acrylic_wool","yarn_polyester_blends","yarn_jute","yarn_zari","other_yarns ","input_hank_yarn_open_market","input_hank_yarn_master_weavers_group","input_hank_yarn_cooperative_society","input_hank_yarn_national_handloom_development_corp","input_hank_yarn_khadi_village_industries_commission_or_board","input_other_types_of_hank_yarn","source_dyes_chemicals_open_market","source_dyes_chemicals_master_weavers_group","source_dyes_chemicals_cooperative_society","source_dyes_chemicals_national_handloom_development_corp","source_dyes_chemicals_khadi_village_industries_commission","source_dyes_chemicals_other_types","input_dyed_yarn_open_market","input_dyed_yarn_master_weavers_group","input_dyed_yarn_cooperative_society","input_dyed_yarn_national_or_state_handloom_development_corp","input_dyed_yarn_khadi_village_industries_commission","input_dyed_yarn_other_types_of_dyed_yarn","using_azo_free_dye","using_natural_dye","using_other_type_of_dye","using_dye_of_any_type","sales_local_market","sales_master_weaver_group","sales_cooperative_society","sales_organized_fairs_or_exhibition","sales_export","sales_ecommerce","sales_other_sources","members_cooperative_society","members_shg_or_joint_liability_group","hl_hh_members_of_producer_company"
0,"2019-20","Andaman and Nicobar Islands",35,"Rural","","","","","","","","","","","","","","","","","","","","","","","","","","","","","","","","","","","","","","","","","","","","","","","","","","","","","","","","","","","","","","","","","","","","","","","","","","","","","","","","","","","","","","","","","","",""
1,"2019-20","Andaman and Nicobar Islands",35,"Urban","","","","","","","","","","","","","","","","","","","","","","","","","","","","","","","","","","","","","","","","","","","","","","","","","","","","","","","","","","","","","","","","","","","","","","","","","","","","","","","","","","","","","","","","","","",""
2,"2019-20","Andhra Pradesh",28,"Rural",77065.0,46779.0,9086.0,31199.0,22712.0,0.0,0.0,4229.0,72836.0,14555.0,50082.0,12428.0,60889.0,15926.0,250.0,49924.0,18732.0,3330.0,1327.0,612.0,3096.0,35.0,9.0,55735.0,16854.0,1422.0,343.0,341.0,2365.0,5.0,0.0,2063.0,2185.0,131.0,405.0,483.0,147.0,799.0,178.0,69.0,10.0,103.0,3.0,3615.0,5734.0,22686.0,9270.0,528.0,1055.0,4255.0,19764.0,99.0,32.0,267.0,8.0,354.0,136.0,12513.0,1402.0,12976.0,22064.0,17705.0,1254.0,262.0,201.0,8115.0,9475.0,1263.0,2781.0,15.0,55.0,6930.0,5141.0,2462.0,39.0,11.0,1090.0,1671.0,65455.0,7371.0,4707.0,20452.0,36622.0,21122.0,383.0,1395.0,54.0,2676.0,21622.0,17656.0,7269.0
3,"2019-20","Andhra Pradesh",28,"Urban",45579.0,30033.0,5132.0,19633.0,12854.0,18.0,1.0,2126.0,43453.0,13550.0,30201.0,1828.0,28791.0,16658.0,130.0,19058.0,11515.0,4247.0,1662.0,1993.0,6970.0,125.0,9.0,26166.0,16492.0,801.0,281.0,1262.0,553.0,21.0,3.0,1464.0,919.0,44.0,132.0,282.0,39.0,389.0,347.0,162.0,2.0,155.0,3.0,708.0,1797.0,7608.0,4334.0,760.0,987.0,5137.0,22803.0,323.0,160.0,123.0,62.0,136.0,83.0,21131.0,185.0,4075.0,10565.0,2377.0,267.0,87.0,58.0,10101.0,18051.0,330.0,19.0,14.0,237.0,2869.0,2068.0,1395.0,49.0,7.0,61.0,1060.0,43409.0,1166.0,351.0,12342.0,29811.0,4153.0,224.0,382.0,12.0,489.0,7107.0,5459.0,2246.0
4,"2019-20","Arunachal Pradesh",12,"Rural",84014.0,10885.0,8184.0,60335.0,5778.0,6.0,1.0,28186.0,55828.0,56191.0,16401.0,11422.0,81318.0,2315.0,381.0,69260.0,12661.0,1495.0,530.0,42.0,16.0,6.0,4.0,75924.0,7279.0,727.0,64.0,11.0,8.0,0.0,1.0,76.0,98.0,3.0,0.0,1.0,3.0,62.0,8.0,2.0,2.0,1.0,4.0,14264.0,9029.0,40899.0,783.0,95.0,162.0,398.0,17.0,1.0,124.0,19475.0,621.0,262.0,172.0,439.0,1192.0,54774.0,272.0,15.0,17.0,9.0,8495.0,3568.0,17.0,3.0,0.0,2.0,2098.0,23847.0,37.0,4.0,3.0,2.0,2872.0,8473.0,63032.0,749.0,12124.0,73523.0,275.0,6.0,11.0,12.0,19.0,10451.0,4922.0,7025.0,1276.0
5,"2019-20","Arunachal Pradesh",12,"Urban",9300.0,353.0,1295.0,6001.0,1757.0,20.0,1.0,729.0,8571.0,5618.0,1533.0,2149.0,5977.0,3153.0,170.0,8293.0,690.0,209.0,63.0,26.0,16.0,2.0,1.0,8520.0,715.0,57.0,7.0,1.0,0.0,0.0,0.0,2.0,2.0,1.0,0.0,0.0,0.0,2.0,1.0,0.0,0.0,0.0,6.0,3020.0,223.0,4818.0,8.0,3.0,64.0,13.0,27.0,6.0,6.0,3783.0,7.0,32.0,1.0,5.0,25.0,8917.0,28.0,2.0,0.0,1.0,13.0,492.0,1.0,0.0,0.0,0.0,2.0,3237.0,2.0,0.0,0.0,0.0,15.0,2228.0,2878.0,52.0,4184.0,9272.0,8.0,1.0,1.0,3.0,3.0,31.0,74.0,46.0,40.0
6,"2019-20","Assam",18,"Rural",1252188.0,75136.0,27592.0,1021349.0,142165.0,120.0,161.0,445724.0,806464.0,906168.0,161519.0,184501.0,1234474.0,10009.0,7705.0,873636.0,282348.0,63290.0,15083.0,9513.0,5928.0,2013.0,377.0,1107105.0,122667.0,16011.0,2979.0,1781.0,1493.0,64.0,88.0,2194.0,29513.0,365.0,49.0,455.0,27.0,1236.0,24.0,33.0,136.0,599.0,4.0,709423.0,276550.0,265577.0,119663.0,7293.0,54003.0,43155.0,5357.0,7241.0,44468.0,139480.0,17630.0,62349.0,1867.0,2788.0,82500.0,1107552.0,11892.0,3023.0,2071.0,594.0,77314.0,93563.0,3062.0,1443.0,1049.0,651.0,11765.0,116471.0,2856.0,513.0,461.0,446.0,11429.0,149290.0,490379.0,83455.0,551641.0,1162579.0,14017.0,2925.0,15347.0,2308.0,945.0,137197.0,53984.0,163942.0,32367.0
7,"2019-20","Assam",18,"Urban",17318.0,451.0,910.0,10368.0,5625.0,4.0,0.0,5193.0,12125.0,9490.0,5048.0,2780.0,16654.0,428.0,236.0,12377.0,3843.0,684.0,265.0,87.0,48.0,12.0,2.0,15278.0,1774.0,224.0,35.0,4.0,3.0,0.0,0.0,38.0,326.0,0.0,1.0,1.0,0.0,5.0,1.0,1.0,5.0,24.0,4.0,7335.0,4928.0,4129.0,1372.0,143.0,505.0,530.0,44.0,116.0,248.0,1263.0,125.0,389.0,19.0,58.0,341.0,15350.0,224.0,59.0,14.0,2.0,655.0,2048.0,72.0,41.0,12.0,4.0,40.0,1685.0,92.0,31.0,9.0,2.0,218.0,5301.0,7016.0,753.0,4395.0,16298.0,106.0,18.0,10.0,46.0,57.0,1509.0,825.0,1558.0,400.0
8,"2019-20","Bihar",10,"Rural",4716.0,3707.0,765.0,1374.0,3184.0,0.0,11.0,851.0,3865.0,2229.0,700.0,1787.0,4665.0,32.0,19.0,1672.0,2914.0,121.0,1.0,1.0,3.0,4.0,0.0,4128.0,529.0,51.0,0.0,1.0,3.0,4.0,0.0,35.0,23.0,26.0,3.0,2.0,3.0,11.0,0.0,42.0,0.0,0.0,4.0,1753.0,1414.0,834.0,258.0,103.0,1443.0,1508.0,1591.0,1557.0,109.0,274.0,36.0,6.0,20.0,3.0,5.0,2015.0,2698.0,115.0,6.0,1.0,9.0,561.0,155.0,11.0,1.0,0.0,6.0,559.0,1241.0,18.0,0.0,4.0,9.0,2672.0,2562.0,413.0,164.0,2198.0,3471.0,188.0,91.0,6.0,2.0,21.0,1099.0,230.0,149.0
9,"2019-20","Bihar",10,"Urban",1949.0,1498.0,420.0,637.0,1249.0,0.0,2.0,511.0,1438.0,906.0,401.0,642.0,1916.0,33.0,0.0,888.0,960.0,82.0,8.0,3.0,1.0,6.0,1.0,1684.0,198.0,58.0,4.0,0.0,0.0,5.0,0.0,64.0,3.0,1.0,3.0,36.0,0.0,10.0,15.0,0.0,1.0,0.0,4.0,511.0,457.0,280.0,173.0,27.0,711.0,706.0,678.0,637.0,131.0,71.0,0.0,1.0,1.0,3.0,2.0,870.0,1004.0,45.0,1.0,2.0,48.0,485.0,40.0,0.0,0.0,0.0,1.0,230.0,242.0,11.0,1.0,0.0,1.0,1031.0,1181.0,171.0,14.0,1036.0,1242.0,65.0,50.0,0.0,0.0,54.0,391.0,74.0,18.0
10,"2019-20","Chandigarh",4,"Rural","","","","","","","","","","","","","","","","","","","","","","","","","","","","","","","","","","","","","","","","","","","","","","","","","","","","","","","","","","","","","","","","","","","","","","","","","","","","","","","","","","","","","","","","","","",""
11,"2019-20","Chandigarh",4,"Urban","","","","","","","","","","","","","","","","","","","","","","","","","","","","","","","","","","","","","","","","","","","","","","","","","","","","","","","","","","","","","","","","","","","","","","","","","","","","","","","","","","","","","","","","","","",""
12,"2019-20","Chhattisgarh",22,"Rural",15283.0,7659.0,2004.0,3964.0,4061.0,0.0,0.0,3684.0,11599.0,11814.0,1716.0,1753.0,15000.0,176.0,107.0,14035.0,465.0,724.0,49.0,4.0,4.0,0.0,2.0,14140.0,394.0,735.0,12.0,2.0,0.0,0.0,0.0,21.0,122.0,23.0,2.0,12.0,6.0,15.0,0.0,1.0,0.0,8.0,4.0,5052.0,5942.0,1528.0,693.0,2.0,322.0,12.0,1.0,291.0,1.0,50.0,486.0,1893.0,0.0,1.0,332.0,2127.0,1418.0,2320.0,81.0,10.0,305.0,157.0,48.0,1634.0,7.0,27.0,14.0,1436.0,393.0,5864.0,590.0,1.0,27.0,141.0,12388.0,636.0,2171.0,2733.0,2078.0,10785.0,156.0,9.0,6.0,275.0,13287.0,9884.0,8301.0
13,"2019-20","Chhattisgarh",22,"Urban",3593.0,1797.0,313.0,657.0,1048.0,0.0,0.0,614.0,2979.0,2912.0,482.0,199.0,3465.0,121.0,7.0,3526.0,43.0,22.0,1.0,1.0,0.0,0.0,0.0,3541.0,32.0,19.0,1.0,0.0,0.0,0.0,0.0,13.0,14.0,1.0,4.0,0.0,0.0,9.0,0.0,0.0,0.0,1.0,5.0,779.0,941.0,338.0,157.0,0.0,7.0,3.0,2.0,1384.0,6.0,1.0,12.0,474.0,1.0,2.0,116.0,234.0,307.0,455.0,9.0,0.0,33.0,24.0,9.0,378.0,1.0,0.0,18.0,265.0,13.0,2079.0,145.0,1.0,18.0,8.0,3190.0,221.0,280.0,430.0,398.0,2959.0,34.0,1.0,1.0,38.0,2474.0,1612.0,1565.0
14,"2019-20","Delhi",7,"Rural",0.0,0.0,0.0,0.0,0.0,0.0,0.0,0.0,0.0,0.0,0.0,0.0,0.0,0.0,0.0,0.0,0.0,0.0,0.0,0.0,0.0,0.0,0.0,0.0,0.0,0.0,0.0,0.0,0.0,0.0,0.0,0.0,0.0,0.0,0.0,0.0,0.0,0.0,0.0,0.0,0.0,0.0,0.0,0.0,0.0,0.0,0.0,0.0,0.0,0.0,0.0,0.0,0.0,0.0,0.0,0.0,0.0,0.0,0.0,0.0,0.0,0.0,0.0,0.0,0.0,0.0,0.0,0.0,0.0,0.0,0.0,0.0,0.0,0.0,0.0,0.0,0.0,0.0,0.0,0.0,0.0,0.0,0.0,0.0,0.0,0.0,0.0,0.0,0.0,0.0,0.0
15,"2019-20","Delhi",7,"Urban",4053.0,1565.0,501.0,1671.0,548.0,0.0,0.0,475.0,3578.0,4.0,239.0,3810.0,3728.0,321.0,4.0,3556.0,493.0,3.0,1.0,0.0,0.0,0.0,0.0,3753.0,299.0,1.0,0.0,0.0,0.0,0.0,0.0,714.0,0.0,0.0,2.0,0.0,31.0,0.0,679.0,2.0,0.0,0.0,4.0,3860.0,9.0,0.0,0.0,0.0,2.0,0.0,0.0,0.0,0.0,0.0,0.0,0.0,2.0,0.0,0.0,3193.0,9.0,59.0,14.0,0.0,0.0,297.0,0.0,1.0,0.0,0.0,0.0,1166.0,1.0,0.0,11.0,0.0,0.0,4043.0,69.0,1.0,1.0,3715.0,21.0,72.0,3.0,2.0,2.0,271.0,10.0,10.0,12.0
16,"2019-20","Goa",30,"Rural",24.0,1.0,0.0,19.0,4.0,0.0,0.0,0.0,24.0,1.0,6.0,17.0,24.0,0.0,0.0,1.0,23.0,0.0,0.0,0.0,0.0,0.0,0.0,23.0,1.0,0.0,0.0,0.0,0.0,0.0,0.0,0.0,0.0,0.0,0.0,0.0,0.0,0.0,0.0,0.0,0.0,0.0,4.0,1.0,1.0,24.0,0.0,0.0,0.0,0.0,0.0,0.0,0.0,0.0,0.0,0.0,0.0,0.0,0.0,2.0,0.0,1.0,21.0,0.0,0.0,0.0,0.0,0.0,0.0,0.0,0.0,0.0,0.0,0.0,0.0,0.0,0.0,24.0,0.0,0.0,0.0,2.0,0.0,1.0,21.0,5.0,1.0,21.0,11.0,0.0,0.0
17,"2019-20","Goa",30,"Urban",2.0,0.0,0.0,2.0,0.0,0.0,0.0,0.0,2.0,0.0,0.0,2.0,2.0,0.0,0.0,0.0,2.0,0.0,0.0,0.0,0.0,0.0,0.0,2.0,0.0,0.0,0.0,0.0,0.0,0.0,0.0,0.0,0.0,0.0,0.0,0.0,0.0,0.0,0.0,0.0,0.0,0.0,4.0,0.0,0.0,2.0,0.0,0.0,0.0,0.0,0.0,0.0,0.0,0.0,0.0,0.0,0.0,0.0,0.0,0.0,0.0,0.0,2.0,0.0,0.0,0.0,0.0,0.0,0.0,0.0,0.0,0.0,0.0,0.0,0.0,0.0,0.0,2.0,0.0,0.0,0.0,0.0,0.0,0.0,2.0,0.0,0.0,2.0,1.0,0.0,0.0
18,"2019-20","Gujarat",24,"Rural",8109.0,4711.0,90.0,3539.0,105.0,1.0,0.0,3938.0,4171.0,1233.0,4878.0,1998.0,7464.0,202.0,443.0,6580.0,1118.0,95.0,82.0,64.0,34.0,133.0,3.0,6765.0,1019.0,86.0,70.0,28.0,104.0,37.0,0.0,66.0,26.0,4.0,3.0,8.0,2.0,38.0,7.0,7.0,5.0,0.0,3.0,4218.0,747.0,319.0,927.0,117.0,179.0,105.0,779.0,71.0,40.0,924.0,263.0,230.0,43.0,520.0,58.0,3274.0,203.0,361.0,400.0,27.0,194.0,3092.0,278.0,126.0,133.0,44.0,34.0,335.0,124.0,233.0,44.0,28.0,59.0,1647.0,4375.0,636.0,1620.0,6653.0,649.0,760.0,675.0,34.0,27.0,312.0,1386.0,465.0,308.0
19,"2019-20","Gujarat",24,"Urban",2100.0,976.0,98.0,952.0,129.0,0.0,0.0,575.0,1525.0,140.0,1539.0,421.0,1744.0,124.0,232.0,1229.0,468.0,321.0,75.0,0.0,2.0,1.0,4.0,1302.0,768.0,18.0,7.0,0.0,1.0,0.0,4.0,5.0,8.0,0.0,0.0,1.0,0.0,2.0,1.0,1.0,0.0,0.0,4.0,548.0,58.0,31.0,152.0,78.0,40.0,169.0,614.0,50.0,0.0,162.0,34.0,133.0,0.0,169.0,21.0,621.0,258.0,175.0,70.0,2.0,66.0,799.0,65.0,11.0,23.0,4.0,7.0,139.0,140.0,71.0,5.0,0.0,3.0,223.0,1059.0,238.0,653.0,1323.0,470.0,288.0,116.0,10.0,7.0,73.0,508.0,193.0,167.0
20,"2019-20","Haryana",6,"Rural",224.0,28.0,0.0,196.0,2.0,0.0,0.0,20.0,204.0,1.0,22.0,201.0,224.0,0.0,0.0,224.0,0.0,0.0,0.0,0.0,0.0,0.0,0.0,224.0,0.0,0.0,0.0,0.0,0.0,0.0,0.0,0.0,0.0,0.0,0.0,0.0,0.0,0.0,0.0,0.0,0.0,0.0,2.0,224.0,0.0,0.0,0.0,0.0,0.0,0.0,0.0,0.0,0.0,0.0,0.0,0.0,0.0,0.0,0.0,222.0,1.0,32.0,32.0,0.0,32.0,34.0,0.0,0.0,0.0,0.0,34.0,31.0,0.0,0.0,0.0,0.0,31.0,190.0,35.0,0.0,0.0,224.0,0.0,0.0,0.0,0.0,0.0,34.0,0.0,0.0,0.0
21,"2019-20","Haryana",6,"Urban",25184.0,10095.0,1340.0,4094.0,9786.0,1.0,0.0,115.0,25069.0,5115.0,5452.0,14617.0,14747.0,10348.0,89.0,23765.0,1355.0,49.0,4.0,4.0,3.0,0.0,4.0,23791.0,1343.0,45.0,3.0,0.0,1.0,0.0,1.0,16.0,68.0,0.0,0.0,1.0,0.0,1.0,0.0,0.0,14.0,0.0,4.0,24819.0,139.0,21.0,2.0,1.0,2.0,0.0,0.0,0.0,1.0,15.0,5.0,8.0,5.0,1.0,8.0,24884.0,93.0,573.0,548.0,7.0,109.0,383.0,20.0,4.0,4.0,1.0,90.0,343.0,37.0,4.0,5.0,0.0,218.0,24862.0,470.0,50.0,128.0,24983.0,74.0,329.0,12.0,19.0,3.0,249.0,757.0,424.0,421.0
22,"2019-20","Himachal Pradesh",2,"Rural",13260.0,3420.0,91.0,9502.0,360.0,0.0,0.0,1822.0,11438.0,5288.0,6525.0,1447.0,12964.0,116.0,180.0,12349.0,762.0,96.0,33.0,11.0,7.0,1.0,1.0,12956.0,253.0,36.0,12.0,3.0,0.0,0.0,0.0,57.0,161.0,5.0,14.0,12.0,1.0,32.0,2.0,1.0,0.0,0.0,5.0,214.0,7.0,2.0,4.0,5.0,3.0,5.0,2.0,1.0,11.0,12672.0,111.0,17.0,9.0,5.0,48.0,12338.0,77.0,135.0,8.0,4.0,397.0,1010.0,2.0,21.0,0.0,1.0,46.0,1353.0,5.0,113.0,9.0,0.0,42.0,1095.0,9580.0,529.0,2407.0,12508.0,115.0,179.0,274.0,4.0,4.0,576.0,382.0,1050.0,68.0
23,"2019-20","Himachal Pradesh",2,"Urban",312.0,112.0,6.0,177.0,20.0,0.0,0.0,62.0,250.0,65.0,100.0,147.0,308.0,4.0,0.0,307.0,4.0,1.0,0.0,0.0,0.0,0.0,0.0,310.0,1.0,1.0,0.0,0.0,0.0,0.0,0.0,1.0,2.0,12.0,0.0,0.0,0.0,13.0,0.0,0.0,0.0,0.0,3.0,113.0,0.0,0.0,0.0,0.0,0.0,0.0,0.0,0.0,0.0,195.0,1.0,0.0,0.0,0.0,0.0,256.0,3.0,22.0,1.0,1.0,38.0,27.0,0.0,0.0,0.0,0.0,2.0,90.0,2.0,3.0,0.0,0.0,8.0,121.0,213.0,5.0,12.0,277.0,0.0,2.0,75.0,2.0,1.0,37.0,6.0,0.0,0.0
24,"2019-20","Jammu and Kashmir",1,"Rural",12173.0,2583.0,716.0,6172.0,2799.0,2.0,0.0,3685.0,8488.0,4745.0,4220.0,3208.0,11774.0,244.0,155.0,8510.0,2873.0,519.0,166.0,65.0,36.0,4.0,0.0,11016.0,937.0,152.0,49.0,15.0,4.0,0.0,0.0,48.0,35.0,2.0,3.0,4.0,0.0,36.0,1.0,1.0,5.0,0.0,6.0,2605.0,1269.0,583.0,562.0,40.0,110.0,75.0,72.0,88.0,94.0,8559.0,15.0,35.0,12.0,12.0,140.0,8613.0,2189.0,25.0,30.0,1.0,84.0,224.0,254.0,10.0,21.0,0.0,22.0,1313.0,151.0,135.0,74.0,3.0,219.0,679.0,3679.0,931.0,7014.0,9675.0,2498.0,243.0,397.0,8.0,4.0,249.0,309.0,641.0,27.0
25,"2019-20","Jammu and Kashmir",1,"Urban",10895.0,5666.0,387.0,1361.0,3641.0,0.0,1.0,6703.0,4192.0,1747.0,8070.0,1078.0,10420.0,182.0,293.0,9307.0,1434.0,118.0,6.0,6.0,16.0,3.0,5.0,10068.0,788.0,25.0,4.0,3.0,2.0,3.0,2.0,123.0,41.0,4.0,7.0,56.0,0.0,48.0,3.0,0.0,13.0,0.0,5.0,917.0,615.0,220.0,164.0,41.0,253.0,316.0,339.0,239.0,156.0,7855.0,39.0,12.0,197.0,21.0,564.0,5486.0,4355.0,33.0,5.0,3.0,13.0,1129.0,193.0,1.0,1.0,0.0,79.0,51.0,36.0,1.0,0.0,0.0,5.0,654.0,2111.0,890.0,7475.0,6535.0,4441.0,39.0,5.0,10.0,1.0,289.0,825.0,161.0,83.0
26,"2019-20","Jharkhand",20,"Rural",12582.0,6691.0,2123.0,3751.0,5230.0,0.0,2.0,1496.0,11086.0,9457.0,893.0,2232.0,12439.0,66.0,77.0,8319.0,3252.0,67.0,1.0,256.0,676.0,8.0,3.0,12171.0,363.0,46.0,0.0,0.0,2.0,0.0,0.0,27.0,127.0,0.0,2.0,7.0,0.0,2.0,7.0,7.0,0.0,2.0,4.0,1722.0,2346.0,1991.0,1273.0,25.0,2448.0,2553.0,1633.0,4591.0,64.0,39.0,5.0,4.0,135.0,97.0,40.0,5152.0,3370.0,551.0,274.0,0.0,18.0,1065.0,535.0,1054.0,2850.0,1.0,109.0,1128.0,549.0,1130.0,626.0,4.0,7.0,4120.0,6552.0,2230.0,1042.0,8096.0,3401.0,2987.0,837.0,233.0,4.0,1726.0,2422.0,1619.0,992.0
27,"2019-20","Jharkhand",20,"Urban",3896.0,1030.0,1037.0,892.0,1741.0,0.0,0.0,463.0,3433.0,3324.0,221.0,351.0,3849.0,32.0,15.0,2894.0,331.0,11.0,4.0,70.0,583.0,2.0,1.0,3786.0,106.0,2.0,0.0,1.0,1.0,0.0,0.0,11.0,36.0,3.0,1.0,2.0,0.0,1.0,1.0,0.0,7.0,2.0,5.0,1463.0,1944.0,942.0,467.0,1.0,31.0,34.0,53.0,124.0,0.0,58.0,1.0,0.0,3.0,24.0,56.0,901.0,721.0,1454.0,153.0,7.0,3.0,147.0,41.0,160.0,251.0,1.0,4.0,227.0,494.0,266.0,408.0,2.0,0.0,643.0,3047.0,114.0,121.0,1257.0,1106.0,1945.0,342.0,4.0,4.0,360.0,1172.0,891.0,118.0
28,"2019-20","Karnataka",29,"Rural",28597.0,17790.0,4604.0,4774.0,19187.0,1.0,1.0,2276.0,26321.0,20752.0,3996.0,3849.0,26151.0,2252.0,194.0,18374.0,9312.0,842.0,53.0,10.0,4.0,1.0,1.0,21063.0,7063.0,432.0,34.0,5.0,0.0,0.0,0.0,406.0,211.0,124.0,172.0,112.0,5.0,203.0,6.0,2.0,13.0,17.0,3.0,1539.0,4461.0,3415.0,1247.0,0.0,18.0,44.0,3880.0,15.0,300.0,9713.0,1126.0,2302.0,147.0,4229.0,1072.0,7960.0,4574.0,9043.0,3003.0,3152.0,2548.0,4596.0,2217.0,3412.0,246.0,200.0,284.0,5459.0,1909.0,4994.0,715.0,1149.0,1291.0,16707.0,11664.0,7501.0,7257.0,8370.0,7108.0,14259.0,167.0,27.0,19.0,4827.0,5483.0,463.0,145.0
29,"2019-20","Karnataka",29,"Urban",5080.0,3595.0,608.0,1015.0,3216.0,0.0,0.0,380.0,4700.0,2476.0,1067.0,1537.0,3732.0,1325.0,23.0,3265.0,1445.0,323.0,42.0,5.0,0.0,0.0,0.0,3294.0,1567.0,206.0,12.0,1.0,0.0,0.0,0.0,171.0,54.0,13.0,12.0,27.0,0.0,135.0,1.0,0.0,9.0,0.0,4.0,391.0,269.0,1944.0,78.0,2.0,10.0,196.0,1770.0,1.0,765.0,147.0,5.0,204.0,764.0,2649.0,939.0,2028.0,1523.0,1294.0,333.0,82.0,182.0,1312.0,737.0,288.0,30.0,40.0,117.0,882.0,1297.0,453.0,113.0,80.0,144.0,4095.0,2248.0,2915.0,292.0,2136.0,1695.0,1456.0,18.0,4.0,3.0,366.0,885.0,188.0,43.0
30,"2019-20","Kerala",32,"Rural",14780.0,4104.0,717.0,7905.0,3202.0,0.0,0.0,67.0,14713.0,2836.0,7466.0,4478.0,13851.0,531.0,398.0,14635.0,77.0,49.0,4.0,4.0,5.0,3.0,3.0,14700.0,45.0,26.0,1.0,2.0,3.0,3.0,0.0,600.0,3832.0,82.0,112.0,463.0,0.0,98.0,2.0,1.0,4.0,2.0,4.0,362.0,1706.0,3550.0,5985.0,2.0,2.0,0.0,9.0,0.0,139.0,0.0,0.0,107.0,7.0,3.0,2757.0,19.0,1164.0,11400.0,39.0,0.0,1629.0,0.0,1.0,55.0,1.0,0.0,6.0,6.0,73.0,174.0,25.0,0.0,306.0,1004.0,19.0,142.0,13622.0,54.0,1076.0,13361.0,20.0,57.0,6.0,340.0,13110.0,75.0,62.0
31,"2019-20","Kerala",32,"Urban",5467.0,2303.0,785.0,1168.0,1900.0,0.0,0.0,13.0,5454.0,326.0,2333.0,2808.0,5335.0,88.0,44.0,5284.0,55.0,107.0,13.0,6.0,1.0,1.0,0.0,5311.0,53.0,93.0,9.0,1.0,0.0,0.0,0.0,155.0,532.0,12.0,21.0,98.0,1.0,37.0,1.0,0.0,8.0,1.0,4.0,142.0,312.0,294.0,39.0,1.0,3.0,0.0,7.0,0.0,6.0,0.0,0.0,692.0,9.0,2.0,3795.0,3.0,1510.0,2646.0,8.0,0.0,1248.0,0.0,6.0,11.0,0.0,0.0,8.0,0.0,19.0,7.0,8.0,0.0,11.0,19.0,7.0,16.0,5425.0,14.0,1395.0,3086.0,157.0,1.0,1.0,999.0,2793.0,3.0,19.0
32,"2019-20","Ladakh",37,"Rural","","","","","","","","","","","","","","","","","","","","","","","","","","","","","","","","","","","","","","","","","","","","","","","","","","","","","","","","","","","","","","","","","","","","","","","","","","","","","","","","","","","","","","","","","","",""
33,"2019-20","Ladakh",37,"Urban","","","","","","","","","","","","","","","","","","","","","","","","","","","","","","","","","","","","","","","","","","","","","","","","","","","","","","","","","","","","","","","","","","","","","","","","","","","","","","","","","","","","","","","","","","",""
34,"2019-20","Lakshadweep",31,"Rural","","","","","","","","","","","","","","","","","","","","","","","","","","","","","","","","","","","","","","","","","","","","","","","","","","","","","","","","","","","","","","","","","","","","","","","","","","","","","","","","","","","","","","","","","","",""
35,"2019-20","Lakshadweep",31,"Urban","","","","","","","","","","","","","","","","","","","","","","","","","","","","","","","","","","","","","","","","","","","","","","","","","","","","","","","","","","","","","","","","","","","","","","","","","","","","","","","","","","","","","","","","","","",""
36,"2019-20","Madhya Pradesh",23,"Rural",7822.0,3747.0,804.0,2314.0,2747.0,0.0,0.0,4832.0,2990.0,4329.0,3206.0,287.0,7158.0,633.0,31.0,5937.0,1757.0,70.0,36.0,15.0,7.0,0.0,0.0,6497.0,1258.0,24.0,29.0,12.0,2.0,0.0,0.0,55.0,71.0,1.0,1.0,23.0,1.0,20.0,10.0,1.0,0.0,0.0,4.0,2003.0,1475.0,698.0,3727.0,10.0,16.0,576.0,819.0,127.0,153.0,1117.0,39.0,6.0,282.0,3524.0,632.0,3540.0,4747.0,788.0,364.0,2.0,107.0,113.0,376.0,53.0,7.0,1.0,4.0,111.0,1252.0,100.0,7.0,0.0,12.0,1414.0,6475.0,104.0,698.0,3546.0,6298.0,952.0,1252.0,3.0,9.0,221.0,436.0,68.0,26.0
37,"2019-20","Madhya Pradesh",23,"Urban",6435.0,3946.0,306.0,2798.0,1410.0,0.0,0.0,2971.0,3464.0,2830.0,3324.0,281.0,6005.0,406.0,24.0,3553.0,2720.0,81.0,59.0,14.0,3.0,4.0,1.0,3806.0,2496.0,59.0,54.0,14.0,2.0,4.0,0.0,55.0,26.0,2.0,2.0,38.0,1.0,9.0,3.0,0.0,4.0,0.0,4.0,2836.0,1129.0,631.0,1996.0,2.0,10.0,497.0,889.0,192.0,3.0,18.0,3.0,6.0,112.0,5019.0,673.0,1853.0,2263.0,186.0,112.0,1.0,299.0,74.0,159.0,27.0,2.0,0.0,3.0,116.0,3408.0,38.0,5.0,0.0,4.0,3197.0,5712.0,17.0,320.0,1950.0,5823.0,326.0,395.0,3.0,3.0,282.0,265.0,44.0,11.0
38,"2019-20","Maharashtra",27,"Rural",990.0,649.0,39.0,216.0,104.0,0.0,0.0,466.0,524.0,438.0,167.0,385.0,865.0,101.0,24.0,569.0,393.0,10.0,4.0,8.0,6.0,0.0,0.0,597.0,383.0,2.0,1.0,1.0,6.0,0.0,0.0,36.0,29.0,1.0,8.0,4.0,1.0,22.0,0.0,1.0,1.0,0.0,5.0,80.0,57.0,51.0,23.0,0.0,18.0,3.0,658.0,103.0,0.0,35.0,0.0,1.0,5.0,648.0,2.0,411.0,71.0,57.0,45.0,0.0,18.0,361.0,7.0,5.0,4.0,0.0,2.0,77.0,3.0,5.0,1.0,0.0,45.0,11.0,390.0,632.0,99.0,842.0,77.0,73.0,9.0,1.0,0.0,109.0,62.0,40.0,17.0
39,"2019-20","Maharashtra",27,"Urban",2445.0,1371.0,183.0,646.0,300.0,0.0,1.0,586.0,1859.0,685.0,806.0,954.0,1983.0,303.0,159.0,836.0,1388.0,181.0,16.0,15.0,9.0,0.0,0.0,959.0,1324.0,143.0,4.0,9.0,6.0,0.0,0.0,116.0,22.0,0.0,42.0,7.0,0.0,65.0,0.0,0.0,2.0,0.0,5.0,252.0,222.0,149.0,28.0,0.0,0.0,0.0,1767.0,42.0,0.0,0.0,0.0,6.0,7.0,1527.0,29.0,1274.0,41.0,49.0,0.0,0.0,17.0,532.0,4.0,14.0,0.0,0.0,2.0,445.0,6.0,91.0,11.0,0.0,33.0,318.0,952.0,1298.0,161.0,2235.0,54.0,159.0,22.0,3.0,1.0,65.0,389.0,68.0,18.0
40,"2019-20","Manipur",14,"Rural",192431.0,7522.0,5176.0,176755.0,5657.0,16.0,0.0,18056.0,174375.0,157293.0,8517.0,26621.0,180964.0,9624.0,1843.0,86992.0,74869.0,24467.0,4273.0,1385.0,384.0,46.0,15.0,151935.0,30853.0,9426.0,187.0,22.0,6.0,2.0,0.0,1065.0,880.0,289.0,13.0,11.0,1037.0,23.0,15.0,212.0,27.0,16.0,5.0,54483.0,27099.0,6341.0,8327.0,370.0,45244.0,7080.0,4517.0,1437.0,1348.0,29418.0,43636.0,14355.0,414.0,5799.0,25122.0,120120.0,2417.0,116.0,98.0,20.0,19313.0,27557.0,4040.0,28.0,11.0,1.0,2614.0,53643.0,1752.0,9.0,41.0,29.0,4139.0,12874.0,113812.0,11290.0,60281.0,178278.0,8795.0,723.0,66.0,56.0,132.0,24775.0,3435.0,6407.0,2593.0
41,"2019-20","Manipur",14,"Urban",29424.0,414.0,207.0,27753.0,1162.0,21.0,1.0,2529.0,26895.0,21073.0,1447.0,6904.0,27539.0,1744.0,141.0,9626.0,16083.0,2559.0,654.0,349.0,131.0,19.0,3.0,24557.0,4516.0,300.0,28.0,15.0,8.0,0.0,0.0,76.0,179.0,145.0,36.0,19.0,60.0,5.0,11.0,73.0,6.0,11.0,5.0,9187.0,4878.0,1185.0,1013.0,19.0,5789.0,1249.0,1101.0,101.0,53.0,8080.0,4043.0,1594.0,6.0,178.0,4737.0,16809.0,363.0,14.0,4.0,3.0,1948.0,3681.0,44.0,20.0,4.0,0.0,313.0,11621.0,447.0,5.0,12.0,7.0,743.0,2267.0,11951.0,2027.0,13945.0,28550.0,1456.0,142.0,15.0,14.0,42.0,4016.0,165.0,868.0,152.0
42,"2019-20","Meghalaya",17,"Rural",42647.0,12098.0,342.0,29007.0,1210.0,9.0,0.0,11475.0,31172.0,37760.0,3335.0,1552.0,41059.0,471.0,1117.0,32638.0,9124.0,766.0,82.0,18.0,2.0,4.0,13.0,41551.0,1086.0,10.0,0.0,0.0,0.0,0.0,0.0,17.0,65.0,8.0,1.0,7.0,2.0,4.0,5.0,2.0,2.0,2.0,5.0,19646.0,12644.0,14075.0,2186.0,606.0,3207.0,3175.0,266.0,271.0,3645.0,4341.0,2916.0,2792.0,158.0,45.0,4921.0,27313.0,5256.0,611.0,156.0,18.0,1508.0,4496.0,115.0,17.0,8.0,3.0,691.0,16425.0,316.0,33.0,92.0,3.0,387.0,10845.0,21470.0,1233.0,9972.0,40629.0,5028.0,728.0,301.0,27.0,54.0,3189.0,650.0,5959.0,371.0
43,"2019-20","Meghalaya",17,"Urban",108.0,5.0,0.0,102.0,1.0,0.0,0.0,86.0,22.0,94.0,14.0,0.0,106.0,2.0,0.0,100.0,8.0,0.0,0.0,0.0,0.0,0.0,0.0,105.0,3.0,0.0,0.0,0.0,0.0,0.0,0.0,0.0,0.0,0.0,0.0,0.0,0.0,0.0,0.0,0.0,0.0,0.0,5.0,98.0,6.0,10.0,1.0,0.0,4.0,4.0,1.0,3.0,1.0,3.0,63.0,77.0,4.0,0.0,1.0,94.0,0.0,0.0,0.0,0.0,0.0,12.0,0.0,0.0,0.0,0.0,1.0,14.0,0.0,0.0,0.0,0.0,0.0,90.0,17.0,1.0,0.0,108.0,1.0,2.0,0.0,1.0,0.0,5.0,0.0,25.0,0.0
44,"2019-20","Mizoram",15,"Rural",21100.0,1863.0,2948.0,12236.0,4164.0,0.0,1.0,6941.0,14159.0,4880.0,2862.0,13358.0,18996.0,2035.0,69.0,11333.0,4454.0,2753.0,1250.0,896.0,331.0,81.0,2.0,17165.0,3095.0,558.0,50.0,214.0,15.0,2.0,1.0,63.0,157.0,0.0,3.0,0.0,0.0,51.0,1.0,0.0,3.0,5.0,6.0,8063.0,4476.0,645.0,40.0,1.0,1081.0,306.0,176.0,836.0,5.0,3488.0,6393.0,55.0,5.0,1.0,1286.0,12995.0,81.0,19.0,1040.0,2.0,288.0,426.0,5.0,1.0,447.0,2.0,44.0,9107.0,88.0,6.0,1393.0,4.0,490.0,217.0,1774.0,360.0,18819.0,18810.0,554.0,40.0,16.0,104.0,73.0,3071.0,701.0,1941.0,37.0
45,"2019-20","Mizoram",15,"Urban",6302.0,272.0,371.0,2926.0,2757.0,1.0,1.0,905.0,5397.0,1029.0,1991.0,3282.0,3907.0,2327.0,68.0,1753.0,2489.0,1007.0,527.0,263.0,227.0,35.0,1.0,5067.0,921.0,127.0,76.0,79.0,28.0,3.0,1.0,6.0,63.0,3.0,1.0,5.0,0.0,3.0,0.0,0.0,0.0,0.0,5.0,2877.0,1566.0,110.0,8.0,3.0,363.0,55.0,250.0,106.0,2.0,448.0,2245.0,0.0,0.0,1.0,155.0,4462.0,122.0,3.0,70.0,2.0,178.0,152.0,1.0,0.0,23.0,0.0,2.0,2694.0,134.0,8.0,125.0,1.0,70.0,19.0,239.0,188.0,5875.0,4210.0,447.0,39.0,24.0,14.0,14.0,2584.0,226.0,345.0,27.0
46,"2019-20","Nagaland",13,"Rural",31970.0,1686.0,2273.0,26964.0,1364.0,1.0,1.0,372.0,31598.0,20484.0,2685.0,8801.0,29032.0,2797.0,141.0,15198.0,13137.0,2707.0,483.0,262.0,134.0,40.0,9.0,28226.0,2881.0,801.0,41.0,15.0,5.0,1.0,0.0,16.0,134.0,7.0,0.0,14.0,2.0,5.0,0.0,1.0,1.0,0.0,5.0,11012.0,4086.0,219.0,250.0,49.0,1728.0,1971.0,1864.0,582.0,1444.0,16358.0,4129.0,5975.0,144.0,1818.0,601.0,23793.0,105.0,2.0,4.0,4.0,222.0,3917.0,362.0,17.0,2.0,0.0,9.0,9446.0,8.0,3.0,0.0,0.0,13.0,728.0,17754.0,2170.0,11618.0,31230.0,568.0,25.0,22.0,51.0,32.0,408.0,346.0,3150.0,76.0
47,"2019-20","Nagaland",13,"Urban",10441.0,416.0,1964.0,6882.0,1932.0,1.0,0.0,157.0,10284.0,2952.0,2956.0,4533.0,6230.0,3833.0,378.0,4725.0,3686.0,1356.0,273.0,266.0,98.0,34.0,3.0,8769.0,1523.0,129.0,19.0,0.0,1.0,0.0,0.0,1.0,19.0,8.0,0.0,0.0,3.0,4.0,0.0,1.0,1.0,0.0,4.0,3709.0,918.0,293.0,72.0,19.0,145.0,233.0,25.0,19.0,44.0,3029.0,1167.0,2026.0,29.0,28.0,1998.0,2640.0,20.0,1.0,9.0,3.0,4218.0,261.0,11.0,0.0,0.0,0.0,27.0,3351.0,5.0,0.0,0.0,0.0,32.0,71.0,6107.0,1469.0,2827.0,6274.0,30.0,13.0,29.0,23.0,19.0,4193.0,616.0,393.0,68.0
48,"2019-20","Odisha",21,"Rural",61205.0,41564.0,16914.0,10560.0,45270.0,2.0,27.0,8976.0,52229.0,30897.0,14071.0,16237.0,60301.0,663.0,241.0,50145.0,9204.0,1696.0,108.0,22.0,16.0,6.0,8.0,54911.0,5720.0,530.0,35.0,6.0,3.0,0.0,0.0,2500.0,838.0,103.0,412.0,1375.0,20.0,359.0,252.0,58.0,16.0,111.0,3.0,5075.0,8231.0,15575.0,27134.0,706.0,134.0,656.0,879.0,1469.0,3.0,32.0,1.0,21.0,4.0,2.0,869.0,13360.0,6134.0,8101.0,504.0,12.0,621.0,7460.0,2207.0,2056.0,19.0,3.0,310.0,14780.0,14475.0,10743.0,19.0,6.0,207.0,7071.0,25953.0,8188.0,20630.0,26596.0,19100.0,17827.0,552.0,59.0,55.0,1104.0,26326.0,10327.0,7334.0
49,"2019-20","Odisha",21,"Urban",2018.0,1100.0,589.0,246.0,1564.0,0.0,0.0,224.0,1794.0,818.0,764.0,436.0,1915.0,100.0,3.0,1736.0,247.0,28.0,4.0,2.0,1.0,0.0,0.0,1841.0,166.0,9.0,2.0,0.0,0.0,0.0,0.0,40.0,17.0,0.0,6.0,29.0,0.0,1.0,1.0,0.0,2.0,1.0,3.0,263.0,273.0,525.0,809.0,0.0,7.0,1.0,90.0,3.0,0.0,0.0,0.0,0.0,0.0,0.0,35.0,316.0,165.0,280.0,2.0,0.0,30.0,340.0,7.0,45.0,1.0,0.0,2.0,996.0,58.0,233.0,3.0,0.0,1.0,60.0,446.0,470.0,1043.0,1388.0,217.0,431.0,16.0,1.0,0.0,35.0,809.0,190.0,165.0
50,"2019-20","Puducherry",34,"Rural",219.0,66.0,27.0,107.0,60.0,0.0,0.0,2.0,217.0,73.0,135.0,11.0,182.0,37.0,0.0,89.0,114.0,3.0,3.0,6.0,4.0,0.0,0.0,203.0,12.0,4.0,0.0,0.0,0.0,0.0,0.0,1.0,6.0,0.0,0.0,1.0,0.0,0.0,0.0,0.0,0.0,0.0,4.0,11.0,24.0,40.0,125.0,0.0,0.0,0.0,0.0,0.0,0.0,0.0,0.0,0.0,0.0,0.0,1.0,0.0,13.0,166.0,0.0,0.0,0.0,0.0,1.0,3.0,0.0,0.0,0.0,0.0,0.0,36.0,36.0,0.0,0.0,180.0,5.0,1.0,33.0,0.0,15.0,203.0,1.0,0.0,0.0,1.0,58.0,9.0,4.0
51,"2019-20","Puducherry",34,"Urban",1410.0,301.0,213.0,434.0,482.0,0.0,0.0,10.0,1400.0,301.0,840.0,269.0,1066.0,337.0,7.0,1395.0,14.0,1.0,0.0,0.0,0.0,0.0,0.0,1407.0,2.0,1.0,0.0,0.0,0.0,0.0,0.0,0.0,5.0,0.0,0.0,0.0,0.0,0.0,0.0,0.0,0.0,0.0,6.0,355.0,33.0,636.0,17.0,0.0,0.0,0.0,0.0,0.0,0.0,0.0,0.0,0.0,0.0,0.0,2.0,1.0,0.0,557.0,62.0,5.0,0.0,0.0,0.0,597.0,121.0,0.0,1.0,0.0,0.0,279.0,251.0,3.0,0.0,1225.0,3.0,180.0,2.0,8.0,1.0,1400.0,3.0,0.0,1.0,1.0,779.0,75.0,56.0
52,"2019-20","Punjab",3,"Rural",121.0,78.0,6.0,23.0,14.0,0.0,0.0,0.0,121.0,15.0,66.0,40.0,110.0,10.0,1.0,79.0,18.0,2.0,0.0,1.0,17.0,4.0,0.0,98.0,0.0,1.0,0.0,1.0,17.0,4.0,0.0,0.0,0.0,0.0,0.0,0.0,0.0,0.0,0.0,0.0,0.0,0.0,4.0,29.0,6.0,86.0,0.0,0.0,0.0,2.0,0.0,0.0,1.0,30.0,68.0,2.0,0.0,0.0,0.0,106.0,0.0,0.0,0.0,1.0,11.0,37.0,0.0,0.0,0.0,0.0,0.0,19.0,0.0,0.0,0.0,0.0,0.0,87.0,65.0,1.0,12.0,111.0,0.0,0.0,0.0,2.0,0.0,11.0,0.0,0.0,0.0
53,"2019-20","Punjab",3,"Urban",815.0,369.0,184.0,161.0,134.0,0.0,0.0,5.0,810.0,251.0,389.0,175.0,625.0,157.0,33.0,519.0,231.0,29.0,4.0,8.0,21.0,3.0,0.0,679.0,88.0,13.0,4.0,8.0,20.0,3.0,0.0,0.0,4.0,0.0,0.0,0.0,0.0,0.0,0.0,0.0,0.0,0.0,3.0,240.0,197.0,213.0,90.0,6.0,2.0,8.0,1.0,0.0,4.0,133.0,141.0,46.0,2.0,11.0,6.0,568.0,3.0,0.0,0.0,0.0,213.0,122.0,0.0,0.0,0.0,0.0,4.0,145.0,0.0,0.0,0.0,0.0,20.0,256.0,292.0,125.0,237.0,613.0,1.0,0.0,0.0,1.0,2.0,216.0,47.0,32.0,31.0
54,"2019-20","Rajasthan",8,"Rural",6005.0,2572.0,229.0,3253.0,885.0,2.0,0.0,813.0,5192.0,1529.0,2820.0,1656.0,5656.0,298.0,51.0,4092.0,1818.0,74.0,13.0,4.0,2.0,1.0,1.0,5268.0,697.0,31.0,6.0,1.0,2.0,0.0,0.0,11.0,28.0,0.0,0.0,3.0,0.0,4.0,2.0,1.0,1.0,0.0,4.0,1931.0,1576.0,742.0,1119.0,9.0,33.0,29.0,50.0,161.0,24.0,914.0,5.0,38.0,459.0,95.0,32.0,2122.0,801.0,298.0,69.0,609.0,35.0,972.0,304.0,7.0,0.0,1.0,3.0,1935.0,2175.0,126.0,7.0,55.0,13.0,398.0,3119.0,86.0,2546.0,2350.0,3171.0,889.0,101.0,2.0,3.0,154.0,400.0,50.0,86.0
55,"2019-20","Rajasthan",8,"Urban",2765.0,999.0,44.0,1861.0,245.0,0.0,0.0,530.0,2235.0,279.0,1904.0,582.0,2558.0,154.0,53.0,2076.0,628.0,48.0,10.0,1.0,2.0,0.0,0.0,2685.0,72.0,5.0,1.0,0.0,2.0,0.0,0.0,6.0,3.0,3.0,1.0,1.0,0.0,3.0,3.0,1.0,0.0,0.0,5.0,1062.0,588.0,551.0,902.0,5.0,10.0,8.0,18.0,8.0,5.0,62.0,1.0,0.0,14.0,97.0,9.0,1138.0,773.0,271.0,1.0,0.0,12.0,687.0,485.0,54.0,0.0,0.0,0.0,807.0,1733.0,74.0,1.0,1.0,0.0,92.0,2066.0,18.0,663.0,1256.0,2160.0,179.0,6.0,3.0,0.0,17.0,167.0,20.0,23.0
56,"2019-20","Sikkim",11,"Rural",690.0,20.0,4.0,610.0,56.0,0.0,0.0,74.0,616.0,309.0,210.0,171.0,619.0,35.0,36.0,457.0,194.0,22.0,7.0,7.0,3.0,0.0,0.0,688.0,2.0,0.0,0.0,0.0,0.0,0.0,0.0,6.0,6.0,0.0,1.0,0.0,0.0,4.0,0.0,0.0,1.0,0.0,5.0,505.0,113.0,30.0,13.0,0.0,0.0,0.0,0.0,1.0,0.0,9.0,24.0,0.0,0.0,0.0,13.0,54.0,2.0,103.0,235.0,1.0,4.0,1.0,0.0,1.0,35.0,0.0,8.0,58.0,0.0,3.0,235.0,0.0,2.0,0.0,181.0,72.0,442.0,215.0,0.0,258.0,238.0,1.0,0.0,47.0,21.0,188.0,0.0
57,"2019-20","Sikkim",11,"Urban",7.0,0.0,0.0,2.0,5.0,0.0,0.0,0.0,7.0,0.0,3.0,4.0,5.0,2.0,0.0,2.0,5.0,0.0,0.0,0.0,0.0,0.0,0.0,7.0,0.0,0.0,0.0,0.0,0.0,0.0,0.0,0.0,0.0,0.0,0.0,0.0,0.0,0.0,0.0,0.0,0.0,0.0,4.0,7.0,0.0,0.0,0.0,0.0,0.0,0.0,0.0,0.0,0.0,0.0,0.0,0.0,0.0,0.0,0.0,0.0,0.0,0.0,4.0,0.0,0.0,0.0,0.0,0.0,0.0,0.0,0.0,0.0,0.0,0.0,3.0,0.0,0.0,0.0,0.0,0.0,7.0,0.0,0.0,5.0,3.0,0.0,0.0,0.0,0.0,0.0,0.0
58,"2019-20","Tamil Nadu",33,"Rural",144573.0,73184.0,9513.0,62682.0,24777.0,1.0,0.0,14618.0,129955.0,6750.0,77071.0,60752.0,116208.0,27730.0,635.0,100215.0,38088.0,5140.0,546.0,437.0,76.0,42.0,29.0,114927.0,25643.0,3688.0,201.0,41.0,27.0,33.0,13.0,8948.0,2220.0,339.0,6803.0,1872.0,64.0,37.0,213.0,47.0,124.0,127.0,3.0,33845.0,6332.0,22136.0,27818.0,1622.0,9352.0,4904.0,17195.0,924.0,15.0,5.0,30.0,1258.0,525.0,1904.0,13025.0,14612.0,14080.0,42099.0,8268.0,27.0,10360.0,14072.0,6761.0,25736.0,287.0,22.0,1893.0,4418.0,3106.0,23439.0,1690.0,32.0,2162.0,50222.0,62314.0,17259.0,15648.0,29831.0,20045.0,92172.0,647.0,119.0,77.0,11501.0,85885.0,13953.0,19875.0
59,"2019-20","Tamil Nadu",33,"Urban",65009.0,31185.0,3143.0,30766.0,8324.0,0.0,0.0,6476.0,58533.0,3814.0,30565.0,30630.0,46058.0,18373.0,578.0,40778.0,22423.0,1462.0,148.0,51.0,51.0,43.0,53.0,49906.0,14030.0,846.0,80.0,29.0,33.0,35.0,50.0,6258.0,2938.0,447.0,4646.0,1379.0,68.0,5.0,319.0,21.0,169.0,98.0,3.0,10949.0,5231.0,8936.0,7609.0,2449.0,6064.0,3207.0,7815.0,1146.0,25.0,3.0,6.0,520.0,200.0,3374.0,10247.0,6214.0,6206.0,13826.0,1338.0,22.0,11086.0,2139.0,1330.0,8120.0,112.0,4.0,1170.0,2318.0,4364.0,10620.0,296.0,7.0,2050.0,8923.0,29395.0,16845.0,10244.0,8317.0,7027.0,44076.0,737.0,55.0,41.0,8312.0,42108.0,3191.0,10895.0
60,"2019-20","Telangana",36,"Rural",19417.0,14081.0,3032.0,4418.0,11851.0,2.0,1.0,1167.0,18250.0,6038.0,8174.0,5205.0,16919.0,2425.0,73.0,10457.0,5967.0,2366.0,110.0,56.0,440.0,19.0,2.0,14727.0,3432.0,719.0,110.0,306.0,121.0,2.0,0.0,1293.0,901.0,216.0,163.0,467.0,14.0,593.0,104.0,130.0,4.0,34.0,3.0,1114.0,3096.0,1293.0,2725.0,6.0,351.0,55.0,6195.0,282.0,130.0,1451.0,1.0,242.0,2.0,1188.0,1278.0,3448.0,3088.0,2649.0,255.0,124.0,582.0,1136.0,2548.0,993.0,172.0,91.0,81.0,860.0,4272.0,2584.0,200.0,455.0,142.0,2326.0,11419.0,3880.0,3671.0,5508.0,9338.0,6450.0,318.0,321.0,197.0,862.0,10997.0,2654.0,2212.0
61,"2019-20","Telangana",36,"Urban",8499.0,6146.0,1330.0,1281.0,5695.0,2.0,13.0,748.0,7751.0,1616.0,4922.0,1961.0,5872.0,2597.0,30.0,3584.0,3736.0,1003.0,116.0,36.0,21.0,1.0,2.0,5293.0,2867.0,254.0,47.0,23.0,14.0,1.0,0.0,1024.0,524.0,17.0,156.0,322.0,2.0,459.0,80.0,6.0,3.0,13.0,3.0,267.0,883.0,685.0,155.0,3.0,305.0,13.0,4583.0,40.0,4.0,337.0,4.0,123.0,13.0,506.0,1009.0,593.0,2257.0,1523.0,95.0,66.0,41.0,502.0,1229.0,855.0,140.0,91.0,38.0,384.0,1604.0,872.0,51.0,163.0,24.0,352.0,5032.0,1126.0,2863.0,1451.0,4968.0,3119.0,252.0,242.0,182.0,108.0,4138.0,835.0,624.0
62,"2019-20","The Dadra And Nagar Haveli And Daman And Diu",38,"Rural","","","","","","","","","","","","","","","","","","","","","","","","","","","","","","","","","","","","","","","","","","","","","","","","","","","","","","","","","","","","","","","","","","","","","","","","","","","","","","","","","","","","","","","","","","",""
63,"2019-20","The Dadra And Nagar Haveli And Daman And Diu",38,"Urban","","","","","","","","","","","","","","","","","","","","","","","","","","","","","","","","","","","","","","","","","","","","","","","","","","","","","","","","","","","","","","","","","","","","","","","","","","","","","","","","","","","","","","","","","","",""
64,"2019-20","Tripura",16,"Rural",135001.0,34195.0,9410.0,75949.0,15609.0,3.0,0.0,27584.0,107417.0,123613.0,7303.0,4085.0,126779.0,1612.0,6610.0,117592.0,16041.0,1073.0,185.0,50.0,35.0,8.0,17.0,120726.0,13859.0,352.0,42.0,14.0,5.0,0.0,3.0,1663.0,2025.0,142.0,1.0,63.0,10.0,1098.0,28.0,22.0,34.0,549.0,4.0,91913.0,35744.0,5310.0,964.0,55.0,421.0,139.0,128.0,235.0,471.0,4467.0,217.0,119.0,721.0,1021.0,3732.0,60106.0,1029.0,243.0,165.0,14.0,979.0,17882.0,1082.0,194.0,469.0,16.0,351.0,73943.0,1189.0,380.0,541.0,28.0,2172.0,8770.0,66507.0,8401.0,53462.0,125280.0,2768.0,1199.0,319.0,62.0,63.0,7136.0,3670.0,6106.0,2062.0
65,"2019-20","Tripura",16,"Urban",2454.0,355.0,87.0,1425.0,606.0,0.0,0.0,192.0,2262.0,1697.0,429.0,328.0,1883.0,378.0,193.0,1174.0,1119.0,123.0,35.0,3.0,0.0,0.0,0.0,1259.0,1079.0,88.0,25.0,3.0,0.0,0.0,0.0,161.0,391.0,20.0,2.0,23.0,0.0,0.0,2.0,0.0,5.0,149.0,4.0,1213.0,871.0,437.0,75.0,5.0,6.0,9.0,2.0,11.0,4.0,75.0,2.0,2.0,52.0,9.0,175.0,1648.0,302.0,21.0,12.0,1.0,74.0,375.0,300.0,15.0,7.0,0.0,2.0,729.0,368.0,76.0,10.0,1.0,67.0,1050.0,842.0,223.0,582.0,1890.0,440.0,107.0,70.0,2.0,2.0,358.0,57.0,638.0,16.0
66,"2019-20","Uttar Pradesh",9,"Rural",87412.0,53174.0,11077.0,34517.0,31590.0,1.0,1.0,5927.0,81485.0,30801.0,35778.0,20833.0,85084.0,1764.0,564.0,45621.0,39273.0,2158.0,186.0,70.0,59.0,21.0,24.0,48892.0,36914.0,1454.0,109.0,30.0,10.0,0.0,3.0,867.0,571.0,266.0,122.0,253.0,76.0,233.0,203.0,175.0,20.0,51.0,3.0,32412.0,35014.0,4210.0,3061.0,107.0,10701.0,1389.0,6725.0,1165.0,1037.0,12217.0,373.0,1178.0,1740.0,5845.0,2413.0,38307.0,17630.0,4547.0,49.0,146.0,324.0,3221.0,3317.0,383.0,8.0,10.0,138.0,8155.0,20349.0,1020.0,20.0,34.0,349.0,14647.0,13553.0,4477.0,55761.0,47601.0,37408.0,5682.0,1174.0,43.0,33.0,938.0,27814.0,1735.0,1779.0
67,"2019-20","Uttar Pradesh",9,"Urban",43708.0,28570.0,5079.0,14515.0,12432.0,1.0,0.0,1557.0,42151.0,7915.0,21885.0,13908.0,39927.0,2682.0,1099.0,28035.0,15012.0,514.0,99.0,23.0,10.0,9.0,6.0,29165.0,14161.0,309.0,59.0,9.0,3.0,2.0,0.0,232.0,89.0,39.0,24.0,55.0,7.0,125.0,46.0,6.0,6.0,2.0,3.0,14750.0,17548.0,2374.0,434.0,82.0,5638.0,1462.0,1068.0,579.0,128.0,5605.0,81.0,587.0,805.0,2994.0,628.0,13671.0,9429.0,4871.0,48.0,40.0,139.0,490.0,2483.0,2244.0,79.0,7.0,86.0,2628.0,13094.0,3582.0,32.0,5.0,218.0,5502.0,11903.0,2963.0,23658.0,16136.0,22567.0,5992.0,169.0,30.0,26.0,460.0,12735.0,546.0,1420.0
68,"2019-20","Uttarakhand",5,"Rural",6099.0,1760.0,260.0,3383.0,1628.0,1.0,0.0,385.0,5714.0,1079.0,4305.0,715.0,5839.0,232.0,28.0,1765.0,3924.0,255.0,57.0,46.0,41.0,7.0,4.0,3189.0,2894.0,14.0,1.0,0.0,1.0,0.0,0.0,71.0,92.0,1.0,7.0,47.0,2.0,12.0,1.0,2.0,1.0,0.0,3.0,3682.0,1120.0,328.0,54.0,1.0,1.0,11.0,15.0,39.0,1.0,2366.0,605.0,1.0,1.0,3.0,13.0,5061.0,248.0,68.0,2.0,23.0,12.0,414.0,29.0,8.0,0.0,0.0,2.0,730.0,84.0,1.0,0.0,0.0,0.0,3156.0,2117.0,311.0,701.0,5281.0,308.0,525.0,266.0,7.0,7.0,18.0,2794.0,754.0,171.0
69,"2019-20","Uttarakhand",5,"Urban",4997.0,1574.0,370.0,1249.0,2335.0,0.0,1.0,114.0,4883.0,153.0,3209.0,1635.0,4598.0,396.0,3.0,832.0,4025.0,116.0,14.0,5.0,2.0,2.0,1.0,1100.0,3838.0,56.0,3.0,0.0,0.0,0.0,0.0,33.0,36.0,4.0,3.0,16.0,9.0,0.0,0.0,9.0,0.0,0.0,2.0,4231.0,547.0,114.0,16.0,0.0,0.0,1.0,2.0,3.0,0.0,317.0,72.0,0.0,5.0,0.0,4.0,4704.0,31.0,4.0,0.0,0.0,2.0,51.0,3.0,0.0,0.0,0.0,0.0,277.0,5.0,0.0,0.0,1.0,0.0,3936.0,866.0,78.0,133.0,4774.0,31.0,193.0,19.0,0.0,3.0,8.0,4504.0,61.0,28.0
70,"2019-20","West Bengal",19,"Rural",467728.0,169809.0,59184.0,157318.0,164350.0,6.0,22.0,135084.0,332644.0,311593.0,81796.0,74339.0,429727.0,21853.0,16148.0,323049.0,132703.0,10266.0,1102.0,331.0,126.0,60.0,91.0,352321.0,109239.0,5219.0,630.0,196.0,68.0,22.0,33.0,2840.0,3686.0,333.0,178.0,885.0,19.0,563.0,649.0,282.0,136.0,461.0,4.0,112792.0,88309.0,66198.0,127851.0,3241.0,16291.0,3399.0,4483.0,8749.0,1659.0,21483.0,736.0,6217.0,5982.0,17229.0,29427.0,39758.0,32579.0,13829.0,1089.0,905.0,8773.0,19150.0,13547.0,4255.0,2450.0,2058.0,2242.0,126686.0,226315.0,12799.0,3854.0,2531.0,20193.0,10992.0,188793.0,79559.0,193092.0,175204.0,261100.0,30331.0,8107.0,6766.0,3341.0,30070.0,23884.0,21741.0,6055.0
71,"2019-20","West Bengal",19,"Urban",74829.0,21090.0,12472.0,18433.0,28763.0,0.0,0.0,9387.0,65442.0,27460.0,23303.0,24066.0,67490.0,3141.0,4198.0,31305.0,41954.0,1368.0,112.0,34.0,30.0,14.0,12.0,42029.0,31565.0,1106.0,76.0,26.0,17.0,7.0,3.0,217.0,400.0,141.0,7.0,211.0,4.0,25.0,43.0,7.0,19.0,42.0,3.0,22209.0,14932.0,8095.0,14529.0,594.0,8765.0,553.0,454.0,1562.0,1171.0,2602.0,245.0,344.0,3256.0,3108.0,4041.0,2543.0,6177.0,384.0,110.0,68.0,67.0,1955.0,4178.0,605.0,248.0,141.0,94.0,6370.0,54568.0,590.0,101.0,127.0,1111.0,1394.0,25969.0,5552.0,42794.0,8998.0,62968.0,858.0,163.0,94.0,185.0,3445.0,7070.0,7877.0,5531.0
